{
    "type": "FeatureCollection",
    "features": [
        {
            "type": "Feature",
            "geometry": {
                "type": "Point",
                "coordinates": [
                    -83.96071,
                    10.64295
                ]
            },
            "properties": {
                "species": "Panthera onca",
                "eventDate": "2025-01-28",
                "locality": null
            }
        },
        {
            "type": "Feature",
            "geometry": {
                "type": "Point",
                "coordinates": [
                    -85.784604,
                    10.884983
                ]
            },
            "properties": {
                "species": "Panthera onca",
                "eventDate": "2025-02-28T00:06:40",
                "locality": null
            }
        },
        {
            "type": "Feature",
            "geometry": {
                "type": "Point",
                "coordinates": [
                    -83.314992,
                    10.39674
                ]
            },
            "properties": {
                "species": "Panthera onca",
                "eventDate": "2025-03-11T04:43",
                "locality": null
            }
        },
        {
            "type": "Feature",
            "geometry": {
                "type": "Point",
                "coordinates": [
                    -83.305511,
                    10.075649
                ]
            },
            "properties": {
                "species": "Panthera onca",
                "eventDate": "2025-03-11T10:43",
                "locality": null
            }
        },
        {
            "type": "Feature",
            "geometry": {
                "type": "Point",
                "coordinates": [
                    -83.260219,
                    10.29115
                ]
            },
            "properties": {
                "species": "Panthera onca",
                "eventDate": "2025-03-01T05:53:41",
                "locality": null
            }
        },
        {
            "type": "Feature",
            "geometry": {
                "type": "Point",
                "coordinates": [
                    -83.18659,
                    9.97673
                ]
            },
            "properties": {
                "species": "Panthera onca",
                "eventDate": "2025-03-25",
                "locality": null
            }
        },
        {
            "type": "Feature",
            "geometry": {
                "type": "Point",
                "coordinates": [
                    -83.579157,
                    10.467856
                ]
            },
            "properties": {
                "species": "Panthera onca",
                "eventDate": "2024-01-30T15:18:56",
                "locality": null
            }
        },
        {
            "type": "Feature",
            "geometry": {
                "type": "Point",
                "coordinates": [
                    -84.655167,
                    10.22839
                ]
            },
            "properties": {
                "species": "Panthera onca",
                "eventDate": "2024-01-25T07:16",
                "locality": null
            }
        },
        {
            "type": "Feature",
            "geometry": {
                "type": "Point",
                "coordinates": [
                    -85.4147,
                    10.819316
                ]
            },
            "properties": {
                "species": "Panthera onca",
                "eventDate": "2024-01-26",
                "locality": "CG-BOR"
            }
        },
        {
            "type": "Feature",
            "geometry": {
                "type": "Point",
                "coordinates": [
                    -85.4147,
                    10.819316
                ]
            },
            "properties": {
                "species": "Panthera onca",
                "eventDate": "2024-01-14",
                "locality": "CG-BOR"
            }
        },
        {
            "type": "Feature",
            "geometry": {
                "type": "Point",
                "coordinates": [
                    -83.565366,
                    8.466594
                ]
            },
            "properties": {
                "species": "Panthera onca",
                "eventDate": "2024-02-06T09:51",
                "locality": null
            }
        },
        {
            "type": "Feature",
            "geometry": {
                "type": "Point",
                "coordinates": [
                    -83.566878,
                    10.449497
                ]
            },
            "properties": {
                "species": "Panthera onca",
                "eventDate": "2024-02-01T13:24:14",
                "locality": null
            }
        },
        {
            "type": "Feature",
            "geometry": {
                "type": "Point",
                "coordinates": [
                    -83.563344,
                    10.454353
                ]
            },
            "properties": {
                "species": "Panthera onca",
                "eventDate": "2024-02-08T16:38",
                "locality": null
            }
        },
        {
            "type": "Feature",
            "geometry": {
                "type": "Point",
                "coordinates": [
                    -83.548497,
                    10.469183
                ]
            },
            "properties": {
                "species": "Panthera onca",
                "eventDate": "2024-02-09T11:42",
                "locality": null
            }
        },
        {
            "type": "Feature",
            "geometry": {
                "type": "Point",
                "coordinates": [
                    -83.449484,
                    10.556402
                ]
            },
            "properties": {
                "species": "Panthera onca",
                "eventDate": "2024-02-09T11:45",
                "locality": null
            }
        },
        {
            "type": "Feature",
            "geometry": {
                "type": "Point",
                "coordinates": [
                    -85.4147,
                    10.819316
                ]
            },
            "properties": {
                "species": "Panthera onca",
                "eventDate": "2024-02-25",
                "locality": "CG-BOR"
            }
        },
        {
            "type": "Feature",
            "geometry": {
                "type": "Point",
                "coordinates": [
                    -85.4147,
                    10.819316
                ]
            },
            "properties": {
                "species": "Panthera onca",
                "eventDate": "2024-02-16",
                "locality": "CG-BOR"
            }
        },
        {
            "type": "Feature",
            "geometry": {
                "type": "Point",
                "coordinates": [
                    -85.54416,
                    10.80488
                ]
            },
            "properties": {
                "species": "Panthera onca",
                "eventDate": "2024-02-27",
                "locality": null
            }
        },
        {
            "type": "Feature",
            "geometry": {
                "type": "Point",
                "coordinates": [
                    -82.92975,
                    9.69769
                ]
            },
            "properties": {
                "species": "Panthera onca",
                "eventDate": "2024-02-27",
                "locality": null
            }
        },
        {
            "type": "Feature",
            "geometry": {
                "type": "Point",
                "coordinates": [
                    -84.754684,
                    10.32483
                ]
            },
            "properties": {
                "species": "Panthera onca",
                "eventDate": "2024-03-05T17:27",
                "locality": null
            }
        },
        {
            "type": "Feature",
            "geometry": {
                "type": "Point",
                "coordinates": [
                    -84.675464,
                    10.839945
                ]
            },
            "properties": {
                "species": "Panthera onca",
                "eventDate": "2024-03-11T06:40",
                "locality": null
            }
        },
        {
            "type": "Feature",
            "geometry": {
                "type": "Point",
                "coordinates": [
                    -85.4147,
                    10.819316
                ]
            },
            "properties": {
                "species": "Panthera onca",
                "eventDate": "2024-04-14",
                "locality": "CG-BOR"
            }
        },
        {
            "type": "Feature",
            "geometry": {
                "type": "Point",
                "coordinates": [
                    -85.4147,
                    10.819316
                ]
            },
            "properties": {
                "species": "Panthera onca",
                "eventDate": "2024-04-28",
                "locality": "CG-BOR"
            }
        },
        {
            "type": "Feature",
            "geometry": {
                "type": "Point",
                "coordinates": [
                    -85.43228,
                    11.02229
                ]
            },
            "properties": {
                "species": "Panthera onca",
                "eventDate": "2024-04-21",
                "locality": null
            }
        },
        {
            "type": "Feature",
            "geometry": {
                "type": "Point",
                "coordinates": [
                    -83.45606,
                    10.411646
                ]
            },
            "properties": {
                "species": "Panthera onca",
                "eventDate": "2024-05-25T07:57",
                "locality": null
            }
        },
        {
            "type": "Feature",
            "geometry": {
                "type": "Point",
                "coordinates": [
                    -84.87264,
                    10.25668
                ]
            },
            "properties": {
                "species": "Panthera onca",
                "eventDate": "2024-05-23",
                "locality": null
            }
        },
        {
            "type": "Feature",
            "geometry": {
                "type": "Point",
                "coordinates": [
                    -83.51988,
                    10.03709
                ]
            },
            "properties": {
                "species": "Panthera onca",
                "eventDate": "2024-06-15",
                "locality": null
            }
        },
        {
            "type": "Feature",
            "geometry": {
                "type": "Point",
                "coordinates": [
                    -85.667942,
                    10.69378
                ]
            },
            "properties": {
                "species": "Panthera onca",
                "eventDate": "2024-07-11T11:45",
                "locality": null
            }
        },
        {
            "type": "Feature",
            "geometry": {
                "type": "Point",
                "coordinates": [
                    -83.403606,
                    10.452461
                ]
            },
            "properties": {
                "species": "Panthera onca",
                "eventDate": "2024-08-30T15:51:24",
                "locality": null
            }
        },
        {
            "type": "Feature",
            "geometry": {
                "type": "Point",
                "coordinates": [
                    -85.73968,
                    10.93722
                ]
            },
            "properties": {
                "species": "Panthera onca",
                "eventDate": "2024-09-29",
                "locality": null
            }
        },
        {
            "type": "Feature",
            "geometry": {
                "type": "Point",
                "coordinates": [
                    -85.567751,
                    11.103291
                ]
            },
            "properties": {
                "species": "Panthera onca",
                "eventDate": "2024-10-09T10:52:19",
                "locality": null
            }
        },
        {
            "type": "Feature",
            "geometry": {
                "type": "Point",
                "coordinates": [
                    -83.484608,
                    10.454945
                ]
            },
            "properties": {
                "species": "Panthera onca",
                "eventDate": "2024-10-11T22:00",
                "locality": null
            }
        },
        {
            "type": "Feature",
            "geometry": {
                "type": "Point",
                "coordinates": [
                    -84.60042,
                    10.45584
                ]
            },
            "properties": {
                "species": "Panthera onca",
                "eventDate": "2024-10-24",
                "locality": null
            }
        },
        {
            "type": "Feature",
            "geometry": {
                "type": "Point",
                "coordinates": [
                    -85.343174,
                    10.762941
                ]
            },
            "properties": {
                "species": "Panthera onca",
                "eventDate": "2024-11-11",
                "locality": "CG-PAI"
            }
        },
        {
            "type": "Feature",
            "geometry": {
                "type": "Point",
                "coordinates": [
                    -85.741867,
                    10.808229
                ]
            },
            "properties": {
                "species": "Panthera onca",
                "eventDate": "2024-12-02T10:19",
                "locality": null
            }
        },
        {
            "type": "Feature",
            "geometry": {
                "type": "Point",
                "coordinates": [
                    -83.457551,
                    10.585793
                ]
            },
            "properties": {
                "species": "Panthera onca",
                "eventDate": "2024-12-31T16:20:11",
                "locality": null
            }
        },
        {
            "type": "Feature",
            "geometry": {
                "type": "Point",
                "coordinates": [
                    -85.31119,
                    10.88172
                ]
            },
            "properties": {
                "species": "Panthera onca",
                "eventDate": "2023-01-22",
                "locality": null
            }
        },
        {
            "type": "Feature",
            "geometry": {
                "type": "Point",
                "coordinates": [
                    -84.66912,
                    10.84703
                ]
            },
            "properties": {
                "species": "Panthera onca",
                "eventDate": "2023-01-14",
                "locality": null
            }
        },
        {
            "type": "Feature",
            "geometry": {
                "type": "Point",
                "coordinates": [
                    -83.414722,
                    10.505114
                ]
            },
            "properties": {
                "species": "Panthera onca",
                "eventDate": "2023-02-14T09:10:50",
                "locality": null
            }
        },
        {
            "type": "Feature",
            "geometry": {
                "type": "Point",
                "coordinates": [
                    -85.176346,
                    10.69997
                ]
            },
            "properties": {
                "species": "Panthera onca",
                "eventDate": "2023-02-19",
                "locality": "CG-AMP"
            }
        },
        {
            "type": "Feature",
            "geometry": {
                "type": "Point",
                "coordinates": [
                    -84.25201,
                    9.92043
                ]
            },
            "properties": {
                "species": "Panthera onca",
                "eventDate": "2023-03-20",
                "locality": null
            }
        },
        {
            "type": "Feature",
            "geometry": {
                "type": "Point",
                "coordinates": [
                    -85.725034,
                    10.800742
                ]
            },
            "properties": {
                "species": "Panthera onca",
                "eventDate": "2023-04-10T11:50:04",
                "locality": null
            }
        },
        {
            "type": "Feature",
            "geometry": {
                "type": "Point",
                "coordinates": [
                    -85.738478,
                    10.857479
                ]
            },
            "properties": {
                "species": "Panthera onca",
                "eventDate": "2023-04-10T11:51:04",
                "locality": null
            }
        },
        {
            "type": "Feature",
            "geometry": {
                "type": "Point",
                "coordinates": [
                    -85.4147,
                    10.819316
                ]
            },
            "properties": {
                "species": "Panthera onca",
                "eventDate": "2023-05-28",
                "locality": "CG-BOR"
            }
        },
        {
            "type": "Feature",
            "geometry": {
                "type": "Point",
                "coordinates": [
                    -85.343174,
                    10.762941
                ]
            },
            "properties": {
                "species": "Panthera onca",
                "eventDate": "2023-05-28",
                "locality": "CG-PAI"
            }
        },
        {
            "type": "Feature",
            "geometry": {
                "type": "Point",
                "coordinates": [
                    -83.66983,
                    10.79815
                ]
            },
            "properties": {
                "species": "Panthera onca",
                "eventDate": "2023-05-25",
                "locality": null
            }
        },
        {
            "type": "Feature",
            "geometry": {
                "type": "Point",
                "coordinates": [
                    -85.429583,
                    10.801074
                ]
            },
            "properties": {
                "species": "Panthera onca",
                "eventDate": "2023-06-17T15:53",
                "locality": null
            }
        },
        {
            "type": "Feature",
            "geometry": {
                "type": "Point",
                "coordinates": [
                    -83.48554,
                    9.98466
                ]
            },
            "properties": {
                "species": "Panthera onca",
                "eventDate": "2023-06-15",
                "locality": null
            }
        },
        {
            "type": "Feature",
            "geometry": {
                "type": "Point",
                "coordinates": [
                    -84.171909,
                    10.565713
                ]
            },
            "properties": {
                "species": "Panthera onca",
                "eventDate": "2023-07-04T16:17:22",
                "locality": null
            }
        },
        {
            "type": "Feature",
            "geometry": {
                "type": "Point",
                "coordinates": [
                    -84.640117,
                    10.291615
                ]
            },
            "properties": {
                "species": "Panthera onca",
                "eventDate": "2023-07-22T06:32",
                "locality": null
            }
        },
        {
            "type": "Feature",
            "geometry": {
                "type": "Point",
                "coordinates": [
                    -84.688657,
                    10.241681
                ]
            },
            "properties": {
                "species": "Panthera onca",
                "eventDate": "2023-07-28T15:40",
                "locality": null
            }
        },
        {
            "type": "Feature",
            "geometry": {
                "type": "Point",
                "coordinates": [
                    -84.744394,
                    10.239703
                ]
            },
            "properties": {
                "species": "Panthera onca",
                "eventDate": "2023-08-03T15:00",
                "locality": null
            }
        },
        {
            "type": "Feature",
            "geometry": {
                "type": "Point",
                "coordinates": [
                    -84.715788,
                    10.378098
                ]
            },
            "properties": {
                "species": "Panthera onca",
                "eventDate": "2023-08-17T06:00",
                "locality": null
            }
        },
        {
            "type": "Feature",
            "geometry": {
                "type": "Point",
                "coordinates": [
                    -84.752421,
                    10.335011
                ]
            },
            "properties": {
                "species": "Panthera onca",
                "eventDate": "2023-08-02T13:51",
                "locality": null
            }
        },
        {
            "type": "Feature",
            "geometry": {
                "type": "Point",
                "coordinates": [
                    -84.713735,
                    10.323172
                ]
            },
            "properties": {
                "species": "Panthera onca",
                "eventDate": "2023-09-15T23:35",
                "locality": null
            }
        },
        {
            "type": "Feature",
            "geometry": {
                "type": "Point",
                "coordinates": [
                    -84.75432,
                    10.307928
                ]
            },
            "properties": {
                "species": "Panthera onca",
                "eventDate": "2023-09-07T10:00",
                "locality": null
            }
        },
        {
            "type": "Feature",
            "geometry": {
                "type": "Point",
                "coordinates": [
                    -85.4147,
                    10.819316
                ]
            },
            "properties": {
                "species": "Panthera onca",
                "eventDate": "2023-09-23",
                "locality": "CG-BOR"
            }
        },
        {
            "type": "Feature",
            "geometry": {
                "type": "Point",
                "coordinates": [
                    -83.234848,
                    10.106577
                ]
            },
            "properties": {
                "species": "Panthera onca",
                "eventDate": "2023-10-04T05:53:18",
                "locality": null
            }
        },
        {
            "type": "Feature",
            "geometry": {
                "type": "Point",
                "coordinates": [
                    -83.152311,
                    10.164605
                ]
            },
            "properties": {
                "species": "Panthera onca",
                "eventDate": "2023-10-01T10:29:25",
                "locality": null
            }
        },
        {
            "type": "Feature",
            "geometry": {
                "type": "Point",
                "coordinates": [
                    -85.655421,
                    10.704329
                ]
            },
            "properties": {
                "species": "Panthera onca",
                "eventDate": "2023-10-11T12:28:54",
                "locality": null
            }
        },
        {
            "type": "Feature",
            "geometry": {
                "type": "Point",
                "coordinates": [
                    -83.48448,
                    10.38215
                ]
            },
            "properties": {
                "species": "Panthera onca",
                "eventDate": "2023-10-31",
                "locality": null
            }
        },
        {
            "type": "Feature",
            "geometry": {
                "type": "Point",
                "coordinates": [
                    -83.528661,
                    10.59766
                ]
            },
            "properties": {
                "species": "Panthera onca",
                "eventDate": "2022-04-12T07:13:13",
                "locality": null
            }
        },
        {
            "type": "Feature",
            "geometry": {
                "type": "Point",
                "coordinates": [
                    -85.58463,
                    10.72969
                ]
            },
            "properties": {
                "species": "Panthera onca",
                "eventDate": "2022-04-13",
                "locality": "Estaciz\u0005xperimental Forestal Horizontes"
            }
        },
        {
            "type": "Feature",
            "geometry": {
                "type": "Point",
                "coordinates": [
                    -85.572084,
                    10.738537
                ]
            },
            "properties": {
                "species": "Panthera onca",
                "eventDate": "2022-04-10",
                "locality": "Estaciz\u0005xperimental Forestal Horizontes"
            }
        },
        {
            "type": "Feature",
            "geometry": {
                "type": "Point",
                "coordinates": [
                    -85.560203,
                    10.763197
                ]
            },
            "properties": {
                "species": "Panthera onca",
                "eventDate": "2022-04-11",
                "locality": "Estaciz\u0005xperimental Forestal Horizontes"
            }
        },
        {
            "type": "Feature",
            "geometry": {
                "type": "Point",
                "coordinates": [
                    -85.572084,
                    10.738537
                ]
            },
            "properties": {
                "species": "Panthera onca",
                "eventDate": "2022-04-24",
                "locality": "Estaciz\u0005xperimental Forestal Horizontes"
            }
        },
        {
            "type": "Feature",
            "geometry": {
                "type": "Point",
                "coordinates": [
                    -85.572084,
                    10.738537
                ]
            },
            "properties": {
                "species": "Panthera onca",
                "eventDate": "2022-04-10",
                "locality": "Estaciz\u0005xperimental Forestal Horizontes"
            }
        },
        {
            "type": "Feature",
            "geometry": {
                "type": "Point",
                "coordinates": [
                    -85.560203,
                    10.763197
                ]
            },
            "properties": {
                "species": "Panthera onca",
                "eventDate": "2022-04-11",
                "locality": "Estaciz\u0005xperimental Forestal Horizontes"
            }
        },
        {
            "type": "Feature",
            "geometry": {
                "type": "Point",
                "coordinates": [
                    -85.58463,
                    10.72969
                ]
            },
            "properties": {
                "species": "Panthera onca",
                "eventDate": "2022-04-13",
                "locality": "Estaciz\u0005xperimental Forestal Horizontes"
            }
        },
        {
            "type": "Feature",
            "geometry": {
                "type": "Point",
                "coordinates": [
                    -85.572084,
                    10.738537
                ]
            },
            "properties": {
                "species": "Panthera onca",
                "eventDate": "2022-04-24",
                "locality": "Estaciz\u0005xperimental Forestal Horizontes"
            }
        },
        {
            "type": "Feature",
            "geometry": {
                "type": "Point",
                "coordinates": [
                    -85.572084,
                    10.738537
                ]
            },
            "properties": {
                "species": "Panthera onca",
                "eventDate": "2022-04-24",
                "locality": "Estaciz\u0005xperimental Forestal Horizontes"
            }
        },
        {
            "type": "Feature",
            "geometry": {
                "type": "Point",
                "coordinates": [
                    -85.560203,
                    10.763197
                ]
            },
            "properties": {
                "species": "Panthera onca",
                "eventDate": "2022-04-11",
                "locality": "Estaciz\u0005xperimental Forestal Horizontes"
            }
        },
        {
            "type": "Feature",
            "geometry": {
                "type": "Point",
                "coordinates": [
                    -85.572084,
                    10.738537
                ]
            },
            "properties": {
                "species": "Panthera onca",
                "eventDate": "2022-04-10",
                "locality": "Estaciz\u0005xperimental Forestal Horizontes"
            }
        },
        {
            "type": "Feature",
            "geometry": {
                "type": "Point",
                "coordinates": [
                    -85.58463,
                    10.72969
                ]
            },
            "properties": {
                "species": "Panthera onca",
                "eventDate": "2022-04-13",
                "locality": "Estaciz\u0005xperimental Forestal Horizontes"
            }
        },
        {
            "type": "Feature",
            "geometry": {
                "type": "Point",
                "coordinates": [
                    -85.592733,
                    11.02931
                ]
            },
            "properties": {
                "species": "Panthera onca",
                "eventDate": "2022-05-22T08:00",
                "locality": null
            }
        },
        {
            "type": "Feature",
            "geometry": {
                "type": "Point",
                "coordinates": [
                    -85.572084,
                    10.738537
                ]
            },
            "properties": {
                "species": "Panthera onca",
                "eventDate": "2022-05-16",
                "locality": "Estaciz\u0005xperimental Forestal Horizontes"
            }
        },
        {
            "type": "Feature",
            "geometry": {
                "type": "Point",
                "coordinates": [
                    -85.572084,
                    10.738537
                ]
            },
            "properties": {
                "species": "Panthera onca",
                "eventDate": "2022-05-16",
                "locality": "Estaciz\u0005xperimental Forestal Horizontes"
            }
        },
        {
            "type": "Feature",
            "geometry": {
                "type": "Point",
                "coordinates": [
                    -85.572084,
                    10.738537
                ]
            },
            "properties": {
                "species": "Panthera onca",
                "eventDate": "2022-05-16",
                "locality": "Estaciz\u0005xperimental Forestal Horizontes"
            }
        },
        {
            "type": "Feature",
            "geometry": {
                "type": "Point",
                "coordinates": [
                    -85.572084,
                    10.738537
                ]
            },
            "properties": {
                "species": "Panthera onca",
                "eventDate": "2022-05-16",
                "locality": "Estaciz\u0005xperimental Forestal Horizontes"
            }
        },
        {
            "type": "Feature",
            "geometry": {
                "type": "Point",
                "coordinates": [
                    -85.572084,
                    10.738537
                ]
            },
            "properties": {
                "species": "Panthera onca",
                "eventDate": "2022-05-16",
                "locality": "Estaciz\u0005xperimental Forestal Horizontes"
            }
        },
        {
            "type": "Feature",
            "geometry": {
                "type": "Point",
                "coordinates": [
                    -85.572084,
                    10.738537
                ]
            },
            "properties": {
                "species": "Panthera onca",
                "eventDate": "2022-05-16",
                "locality": "Estaciz\u0005xperimental Forestal Horizontes"
            }
        },
        {
            "type": "Feature",
            "geometry": {
                "type": "Point",
                "coordinates": [
                    -83.78914,
                    10.309
                ]
            },
            "properties": {
                "species": "Panthera onca",
                "eventDate": "2022-05-27",
                "locality": null
            }
        },
        {
            "type": "Feature",
            "geometry": {
                "type": "Point",
                "coordinates": [
                    -85.39476,
                    10.92752
                ]
            },
            "properties": {
                "species": "Panthera onca",
                "eventDate": "2022-05-05",
                "locality": null
            }
        },
        {
            "type": "Feature",
            "geometry": {
                "type": "Point",
                "coordinates": [
                    -83.77917,
                    9.94028
                ]
            },
            "properties": {
                "species": "Panthera onca",
                "eventDate": "2022-06-24",
                "locality": null
            }
        },
        {
            "type": "Feature",
            "geometry": {
                "type": "Point",
                "coordinates": [
                    -83.562764,
                    10.489799
                ]
            },
            "properties": {
                "species": "Panthera onca",
                "eventDate": "2022-08-22T19:02",
                "locality": null
            }
        },
        {
            "type": "Feature",
            "geometry": {
                "type": "Point",
                "coordinates": [
                    -85.659663,
                    10.847266
                ]
            },
            "properties": {
                "species": "Panthera onca",
                "eventDate": "2022-09-28T05:25",
                "locality": null
            }
        },
        {
            "type": "Feature",
            "geometry": {
                "type": "Point",
                "coordinates": [
                    -85.19839,
                    10.8774
                ]
            },
            "properties": {
                "species": "Panthera onca",
                "eventDate": "2022-09-20",
                "locality": null
            }
        },
        {
            "type": "Feature",
            "geometry": {
                "type": "Point",
                "coordinates": [
                    -83.544452,
                    10.544223
                ]
            },
            "properties": {
                "species": "Panthera onca",
                "eventDate": "2022-10-09T18:40",
                "locality": null
            }
        },
        {
            "type": "Feature",
            "geometry": {
                "type": "Point",
                "coordinates": [
                    -84.012202,
                    10.513393
                ]
            },
            "properties": {
                "species": "Panthera onca",
                "eventDate": "2022-10-28T17:14:58",
                "locality": null
            }
        },
        {
            "type": "Feature",
            "geometry": {
                "type": "Point",
                "coordinates": [
                    -84.45108,
                    10.86432
                ]
            },
            "properties": {
                "species": "Panthera onca",
                "eventDate": "2022-10-13",
                "locality": null
            }
        },
        {
            "type": "Feature",
            "geometry": {
                "type": "Point",
                "coordinates": [
                    -84.87753,
                    10.58151
                ]
            },
            "properties": {
                "species": "Panthera onca",
                "eventDate": "2022-10-28",
                "locality": null
            }
        },
        {
            "type": "Feature",
            "geometry": {
                "type": "Point",
                "coordinates": [
                    -84.37942,
                    10.70623
                ]
            },
            "properties": {
                "species": "Panthera onca",
                "eventDate": "2022-10-27",
                "locality": null
            }
        },
        {
            "type": "Feature",
            "geometry": {
                "type": "Point",
                "coordinates": [
                    -84.92876,
                    10.47109
                ]
            },
            "properties": {
                "species": "Panthera onca",
                "eventDate": "2022-11-16",
                "locality": null
            }
        },
        {
            "type": "Feature",
            "geometry": {
                "type": "Point",
                "coordinates": [
                    -83.63997,
                    10.37904
                ]
            },
            "properties": {
                "species": "Panthera onca",
                "eventDate": "2022-11-11",
                "locality": null
            }
        },
        {
            "type": "Feature",
            "geometry": {
                "type": "Point",
                "coordinates": [
                    -83.454236,
                    10.407485
                ]
            },
            "properties": {
                "species": "Panthera onca",
                "eventDate": "2022-12-10T11:02:58",
                "locality": null
            }
        },
        {
            "type": "Feature",
            "geometry": {
                "type": "Point",
                "coordinates": [
                    -85.57318,
                    10.73641
                ]
            },
            "properties": {
                "species": "Panthera onca",
                "eventDate": "2022-12-23",
                "locality": "Estaciz\u0005xperimental Forestal Horizontes"
            }
        },
        {
            "type": "Feature",
            "geometry": {
                "type": "Point",
                "coordinates": [
                    -84.6305,
                    9.64529
                ]
            },
            "properties": {
                "species": "Panthera onca",
                "eventDate": "2022-12-27",
                "locality": null
            }
        },
        {
            "type": "Feature",
            "geometry": {
                "type": "Point",
                "coordinates": [
                    -83.85241,
                    10.21664
                ]
            },
            "properties": {
                "species": "Panthera onca",
                "eventDate": "2022-12-12",
                "locality": null
            }
        },
        {
            "type": "Feature",
            "geometry": {
                "type": "Point",
                "coordinates": [
                    -84.92593,
                    10.63234
                ]
            },
            "properties": {
                "species": "Panthera onca",
                "eventDate": "2021-01-26",
                "locality": null
            }
        },
        {
            "type": "Feature",
            "geometry": {
                "type": "Point",
                "coordinates": [
                    -84.92458,
                    10.52689
                ]
            },
            "properties": {
                "species": "Panthera onca",
                "eventDate": "2021-01-01",
                "locality": null
            }
        },
        {
            "type": "Feature",
            "geometry": {
                "type": "Point",
                "coordinates": [
                    -83.55255,
                    8.704
                ]
            },
            "properties": {
                "species": "Panthera onca",
                "eventDate": "2021-03-16",
                "locality": "RANCHO QUEMADO"
            }
        },
        {
            "type": "Feature",
            "geometry": {
                "type": "Point",
                "coordinates": [
                    -84.72019,
                    10.72728
                ]
            },
            "properties": {
                "species": "Panthera onca",
                "eventDate": "2021-04-20",
                "locality": null
            }
        },
        {
            "type": "Feature",
            "geometry": {
                "type": "Point",
                "coordinates": [
                    -85.21105,
                    10.80883
                ]
            },
            "properties": {
                "species": "Panthera onca",
                "eventDate": "2021-04-15",
                "locality": null
            }
        },
        {
            "type": "Feature",
            "geometry": {
                "type": "Point",
                "coordinates": [
                    -83.50089,
                    10.45073
                ]
            },
            "properties": {
                "species": "Panthera onca",
                "eventDate": "2021-04-30",
                "locality": null
            }
        },
        {
            "type": "Feature",
            "geometry": {
                "type": "Point",
                "coordinates": [
                    -85.5949,
                    10.726964
                ]
            },
            "properties": {
                "species": "Panthera onca",
                "eventDate": "2021-05-14",
                "locality": "Estaciz\u0005xperimental Forestal Horizontes"
            }
        },
        {
            "type": "Feature",
            "geometry": {
                "type": "Point",
                "coordinates": [
                    -85.5949,
                    10.726964
                ]
            },
            "properties": {
                "species": "Panthera onca",
                "eventDate": "2021-05-14",
                "locality": "Estaciz\u0005xperimental Forestal Horizontes"
            }
        },
        {
            "type": "Feature",
            "geometry": {
                "type": "Point",
                "coordinates": [
                    -85.5949,
                    10.726964
                ]
            },
            "properties": {
                "species": "Panthera onca",
                "eventDate": "2021-05-19",
                "locality": "Estaciz\u0005xperimental Forestal Horizontes"
            }
        },
        {
            "type": "Feature",
            "geometry": {
                "type": "Point",
                "coordinates": [
                    -84.71621,
                    10.95119
                ]
            },
            "properties": {
                "species": "Panthera onca",
                "eventDate": "2021-05-27",
                "locality": null
            }
        },
        {
            "type": "Feature",
            "geometry": {
                "type": "Point",
                "coordinates": [
                    -84.6963,
                    10.95775
                ]
            },
            "properties": {
                "species": "Panthera onca",
                "eventDate": "2021-06-22",
                "locality": null
            }
        },
        {
            "type": "Feature",
            "geometry": {
                "type": "Point",
                "coordinates": [
                    -83.60217,
                    10.43909
                ]
            },
            "properties": {
                "species": "Panthera onca",
                "eventDate": "2021-07-27",
                "locality": null
            }
        },
        {
            "type": "Feature",
            "geometry": {
                "type": "Point",
                "coordinates": [
                    -83.26301,
                    9.22367
                ]
            },
            "properties": {
                "species": "Panthera onca",
                "eventDate": "2021-08-15",
                "locality": null
            }
        },
        {
            "type": "Feature",
            "geometry": {
                "type": "Point",
                "coordinates": [
                    -85.5949,
                    10.726964
                ]
            },
            "properties": {
                "species": "Panthera onca",
                "eventDate": "2021-09-22",
                "locality": "Estaciz\u0005xperimental Forestal Horizontes"
            }
        },
        {
            "type": "Feature",
            "geometry": {
                "type": "Point",
                "coordinates": [
                    -85.6163,
                    10.8245
                ]
            },
            "properties": {
                "species": "Panthera onca",
                "eventDate": "2021-11-26",
                "locality": null
            }
        },
        {
            "type": "Feature",
            "geometry": {
                "type": "Point",
                "coordinates": [
                    -83.46852,
                    10.47563
                ]
            },
            "properties": {
                "species": "Panthera onca",
                "eventDate": "2021-12-20",
                "locality": null
            }
        },
        {
            "type": "Feature",
            "geometry": {
                "type": "Point",
                "coordinates": [
                    -83.589544,
                    10.563141
                ]
            },
            "properties": {
                "species": "Panthera onca",
                "eventDate": "2020-01-27T12:02",
                "locality": null
            }
        },
        {
            "type": "Feature",
            "geometry": {
                "type": "Point",
                "coordinates": [
                    -83.387481,
                    8.512211
                ]
            },
            "properties": {
                "species": "Panthera onca",
                "eventDate": "2020-03-14T09:43",
                "locality": null
            }
        },
        {
            "type": "Feature",
            "geometry": {
                "type": "Point",
                "coordinates": [
                    -84.753038,
                    10.388769
                ]
            },
            "properties": {
                "species": "Panthera onca",
                "eventDate": "2020-03-26T12:14",
                "locality": null
            }
        },
        {
            "type": "Feature",
            "geometry": {
                "type": "Point",
                "coordinates": [
                    -85.5949,
                    10.726964
                ]
            },
            "properties": {
                "species": "Panthera onca",
                "eventDate": "2020-05-23",
                "locality": "Estaciz\u0005xperimental Forestal Horizontes"
            }
        },
        {
            "type": "Feature",
            "geometry": {
                "type": "Point",
                "coordinates": [
                    -84.92376,
                    10.54835
                ]
            },
            "properties": {
                "species": "Panthera onca",
                "eventDate": "2020-06-15",
                "locality": null
            }
        },
        {
            "type": "Feature",
            "geometry": {
                "type": "Point",
                "coordinates": [
                    -83.541359,
                    9.876449
                ]
            },
            "properties": {
                "species": "Panthera onca",
                "eventDate": "2020-09-10T16:09:05Z",
                "locality": null
            }
        },
        {
            "type": "Feature",
            "geometry": {
                "type": "Point",
                "coordinates": [
                    -83.58837,
                    10.61587
                ]
            },
            "properties": {
                "species": "Panthera onca",
                "eventDate": "2020-12-24",
                "locality": null
            }
        },
        {
            "type": "Feature",
            "geometry": {
                "type": "Point",
                "coordinates": [
                    -83.62269,
                    10.42951
                ]
            },
            "properties": {
                "species": "Panthera onca",
                "eventDate": "2020-12-21",
                "locality": null
            }
        },
        {
            "type": "Feature",
            "geometry": {
                "type": "Point",
                "coordinates": [
                    -84.8944,
                    10.49826
                ]
            },
            "properties": {
                "species": "Panthera onca",
                "eventDate": "2020-12-25",
                "locality": null
            }
        },
        {
            "type": "Feature",
            "geometry": {
                "type": "Point",
                "coordinates": [
                    -83.5835,
                    8.68927
                ]
            },
            "properties": {
                "species": "Panthera onca",
                "eventDate": "2019-02-28",
                "locality": "RANCHO QUEMADO"
            }
        },
        {
            "type": "Feature",
            "geometry": {
                "type": "Point",
                "coordinates": [
                    -83.40155,
                    8.74807
                ]
            },
            "properties": {
                "species": "Panthera onca",
                "eventDate": "2019-02-20",
                "locality": "MOGOS"
            }
        },
        {
            "type": "Feature",
            "geometry": {
                "type": "Point",
                "coordinates": [
                    -83.40155,
                    8.74807
                ]
            },
            "properties": {
                "species": "Panthera onca",
                "eventDate": "2019-02-20",
                "locality": "MOGOS"
            }
        },
        {
            "type": "Feature",
            "geometry": {
                "type": "Point",
                "coordinates": [
                    -83.5835,
                    8.68927
                ]
            },
            "properties": {
                "species": "Panthera onca",
                "eventDate": "2019-02-28",
                "locality": "RANCHO QUEMADO"
            }
        },
        {
            "type": "Feature",
            "geometry": {
                "type": "Point",
                "coordinates": [
                    -83.40155,
                    8.74807
                ]
            },
            "properties": {
                "species": "Panthera onca",
                "eventDate": "2019-02-20",
                "locality": "MOGOS"
            }
        },
        {
            "type": "Feature",
            "geometry": {
                "type": "Point",
                "coordinates": [
                    -83.5835,
                    8.68927
                ]
            },
            "properties": {
                "species": "Panthera onca",
                "eventDate": "2019-02-28",
                "locality": "RANCHO QUEMADO"
            }
        },
        {
            "type": "Feature",
            "geometry": {
                "type": "Point",
                "coordinates": [
                    -83.40155,
                    8.74807
                ]
            },
            "properties": {
                "species": "Panthera onca",
                "eventDate": "2019-02-20",
                "locality": "MOGOS"
            }
        },
        {
            "type": "Feature",
            "geometry": {
                "type": "Point",
                "coordinates": [
                    -83.40155,
                    8.74807
                ]
            },
            "properties": {
                "species": "Panthera onca",
                "eventDate": "2019-02-20",
                "locality": "MOGOS"
            }
        },
        {
            "type": "Feature",
            "geometry": {
                "type": "Point",
                "coordinates": [
                    -83.40155,
                    8.74807
                ]
            },
            "properties": {
                "species": "Panthera onca",
                "eventDate": "2019-02-20",
                "locality": "MOGOS"
            }
        },
        {
            "type": "Feature",
            "geometry": {
                "type": "Point",
                "coordinates": [
                    -83.536003,
                    10.50904
                ]
            },
            "properties": {
                "species": "Panthera onca",
                "eventDate": "2019-03-18T12:01",
                "locality": null
            }
        },
        {
            "type": "Feature",
            "geometry": {
                "type": "Point",
                "coordinates": [
                    -83.40155,
                    8.74807
                ]
            },
            "properties": {
                "species": "Panthera onca",
                "eventDate": "2019-04-17",
                "locality": "MOGOS"
            }
        },
        {
            "type": "Feature",
            "geometry": {
                "type": "Point",
                "coordinates": [
                    -83.5835,
                    8.68927
                ]
            },
            "properties": {
                "species": "Panthera onca",
                "eventDate": "2019-04-01",
                "locality": "RANCHO QUEMADO"
            }
        },
        {
            "type": "Feature",
            "geometry": {
                "type": "Point",
                "coordinates": [
                    -83.40155,
                    8.74807
                ]
            },
            "properties": {
                "species": "Panthera onca",
                "eventDate": "2019-04-26",
                "locality": "MOGOS"
            }
        },
        {
            "type": "Feature",
            "geometry": {
                "type": "Point",
                "coordinates": [
                    -83.40155,
                    8.74807
                ]
            },
            "properties": {
                "species": "Panthera onca",
                "eventDate": "2019-04-26",
                "locality": "MOGOS"
            }
        },
        {
            "type": "Feature",
            "geometry": {
                "type": "Point",
                "coordinates": [
                    -83.40155,
                    8.74807
                ]
            },
            "properties": {
                "species": "Panthera onca",
                "eventDate": "2019-04-26",
                "locality": "MOGOS"
            }
        },
        {
            "type": "Feature",
            "geometry": {
                "type": "Point",
                "coordinates": [
                    -83.58411,
                    8.67738
                ]
            },
            "properties": {
                "species": "Panthera onca",
                "eventDate": "2019-04-11",
                "locality": "RANCHO QUEMADO"
            }
        },
        {
            "type": "Feature",
            "geometry": {
                "type": "Point",
                "coordinates": [
                    -83.40155,
                    8.74807
                ]
            },
            "properties": {
                "species": "Panthera onca",
                "eventDate": "2019-04-26",
                "locality": "MOGOS"
            }
        },
        {
            "type": "Feature",
            "geometry": {
                "type": "Point",
                "coordinates": [
                    -83.40155,
                    8.74807
                ]
            },
            "properties": {
                "species": "Panthera onca",
                "eventDate": "2019-04-17",
                "locality": "MOGOS"
            }
        },
        {
            "type": "Feature",
            "geometry": {
                "type": "Point",
                "coordinates": [
                    -83.40155,
                    8.74807
                ]
            },
            "properties": {
                "species": "Panthera onca",
                "eventDate": "2019-04-17",
                "locality": "MOGOS"
            }
        },
        {
            "type": "Feature",
            "geometry": {
                "type": "Point",
                "coordinates": [
                    -83.40155,
                    8.74807
                ]
            },
            "properties": {
                "species": "Panthera onca",
                "eventDate": "2019-04-26",
                "locality": "MOGOS"
            }
        },
        {
            "type": "Feature",
            "geometry": {
                "type": "Point",
                "coordinates": [
                    -83.5835,
                    8.68927
                ]
            },
            "properties": {
                "species": "Panthera onca",
                "eventDate": "2019-04-15",
                "locality": "RANCHO QUEMADO"
            }
        },
        {
            "type": "Feature",
            "geometry": {
                "type": "Point",
                "coordinates": [
                    -83.5835,
                    8.68927
                ]
            },
            "properties": {
                "species": "Panthera onca",
                "eventDate": "2019-04-01",
                "locality": "RANCHO QUEMADO"
            }
        },
        {
            "type": "Feature",
            "geometry": {
                "type": "Point",
                "coordinates": [
                    -83.5835,
                    8.68927
                ]
            },
            "properties": {
                "species": "Panthera onca",
                "eventDate": "2019-04-15",
                "locality": "RANCHO QUEMADO"
            }
        },
        {
            "type": "Feature",
            "geometry": {
                "type": "Point",
                "coordinates": [
                    -83.5835,
                    8.68927
                ]
            },
            "properties": {
                "species": "Panthera onca",
                "eventDate": "2019-04-01",
                "locality": "RANCHO QUEMADO"
            }
        },
        {
            "type": "Feature",
            "geometry": {
                "type": "Point",
                "coordinates": [
                    -83.5835,
                    8.68927
                ]
            },
            "properties": {
                "species": "Panthera onca",
                "eventDate": "2019-04-15",
                "locality": "RANCHO QUEMADO"
            }
        },
        {
            "type": "Feature",
            "geometry": {
                "type": "Point",
                "coordinates": [
                    -83.40155,
                    8.74807
                ]
            },
            "properties": {
                "species": "Panthera onca",
                "eventDate": "2019-05-31",
                "locality": "MOGOS"
            }
        },
        {
            "type": "Feature",
            "geometry": {
                "type": "Point",
                "coordinates": [
                    -83.40155,
                    8.74807
                ]
            },
            "properties": {
                "species": "Panthera onca",
                "eventDate": "2019-05-31",
                "locality": "MOGOS"
            }
        },
        {
            "type": "Feature",
            "geometry": {
                "type": "Point",
                "coordinates": [
                    -83.40155,
                    8.74807
                ]
            },
            "properties": {
                "species": "Panthera onca",
                "eventDate": "2019-05-31",
                "locality": "MOGOS"
            }
        },
        {
            "type": "Feature",
            "geometry": {
                "type": "Point",
                "coordinates": [
                    -83.58411,
                    8.67738
                ]
            },
            "properties": {
                "species": "Panthera onca",
                "eventDate": "2019-05-07",
                "locality": "RANCHO QUEMADO"
            }
        },
        {
            "type": "Feature",
            "geometry": {
                "type": "Point",
                "coordinates": [
                    -83.55246,
                    8.70394
                ]
            },
            "properties": {
                "species": "Panthera onca",
                "eventDate": "2019-07-04",
                "locality": "RANCHO QUEMADO"
            }
        },
        {
            "type": "Feature",
            "geometry": {
                "type": "Point",
                "coordinates": [
                    -83.55246,
                    8.70394
                ]
            },
            "properties": {
                "species": "Panthera onca",
                "eventDate": "2019-07-04",
                "locality": "RANCHO QUEMADO"
            }
        },
        {
            "type": "Feature",
            "geometry": {
                "type": "Point",
                "coordinates": [
                    -83.55246,
                    8.70394
                ]
            },
            "properties": {
                "species": "Panthera onca",
                "eventDate": "2019-07-04",
                "locality": "RANCHO QUEMADO"
            }
        },
        {
            "type": "Feature",
            "geometry": {
                "type": "Point",
                "coordinates": [
                    -83.55246,
                    8.70394
                ]
            },
            "properties": {
                "species": "Panthera onca",
                "eventDate": "2019-07-06",
                "locality": "RANCHO QUEMADO"
            }
        },
        {
            "type": "Feature",
            "geometry": {
                "type": "Point",
                "coordinates": [
                    -83.433084,
                    10.558145
                ]
            },
            "properties": {
                "species": "Panthera onca",
                "eventDate": "2019-08-02T08:43:13",
                "locality": null
            }
        },
        {
            "type": "Feature",
            "geometry": {
                "type": "Point",
                "coordinates": [
                    -83.02547,
                    8.99249
                ]
            },
            "properties": {
                "species": "Panthera onca",
                "eventDate": "2019-08-21",
                "locality": null
            }
        },
        {
            "type": "Feature",
            "geometry": {
                "type": "Point",
                "coordinates": [
                    -85.594155,
                    10.843254
                ]
            },
            "properties": {
                "species": "Panthera onca",
                "eventDate": "2019-09-18T16:22:35",
                "locality": null
            }
        },
        {
            "type": "Feature",
            "geometry": {
                "type": "Point",
                "coordinates": [
                    -83.692092,
                    10.724513
                ]
            },
            "properties": {
                "species": "Panthera onca",
                "eventDate": "2019-10-08T22:07",
                "locality": null
            }
        },
        {
            "type": "Feature",
            "geometry": {
                "type": "Point",
                "coordinates": [
                    -84.50753,
                    9.55666
                ]
            },
            "properties": {
                "species": "Panthera onca",
                "eventDate": "2018-01-18",
                "locality": null
            }
        },
        {
            "type": "Feature",
            "geometry": {
                "type": "Point",
                "coordinates": [
                    -83.57512,
                    10.452
                ]
            },
            "properties": {
                "species": "Panthera onca",
                "eventDate": "2018-03-16",
                "locality": null
            }
        },
        {
            "type": "Feature",
            "geometry": {
                "type": "Point",
                "coordinates": [
                    -83.7266,
                    8.78439
                ]
            },
            "properties": {
                "species": "Panthera onca",
                "eventDate": "2018-04-08T10:07:40",
                "locality": null
            }
        },
        {
            "type": "Feature",
            "geometry": {
                "type": "Point",
                "coordinates": [
                    -83.765998,
                    8.73978
                ]
            },
            "properties": {
                "species": "Panthera onca",
                "eventDate": "2018-04-07T08:46:16",
                "locality": null
            }
        },
        {
            "type": "Feature",
            "geometry": {
                "type": "Point",
                "coordinates": [
                    -84.181651,
                    10.416283
                ]
            },
            "properties": {
                "species": "Panthera onca",
                "eventDate": "2018-06-21T20:38:21",
                "locality": null
            }
        },
        {
            "type": "Feature",
            "geometry": {
                "type": "Point",
                "coordinates": [
                    -83.52389,
                    10.3303
                ]
            },
            "properties": {
                "species": "Panthera onca",
                "eventDate": "2017-01-14",
                "locality": null
            }
        },
        {
            "type": "Feature",
            "geometry": {
                "type": "Point",
                "coordinates": [
                    -84.1957,
                    10.69706
                ]
            },
            "properties": {
                "species": "Panthera onca",
                "eventDate": "2017-04-22",
                "locality": null
            }
        },
        {
            "type": "Feature",
            "geometry": {
                "type": "Point",
                "coordinates": [
                    -84.43852,
                    10.66022
                ]
            },
            "properties": {
                "species": "Panthera onca",
                "eventDate": "2017-06-23",
                "locality": null
            }
        },
        {
            "type": "Feature",
            "geometry": {
                "type": "Point",
                "coordinates": [
                    -84.21191,
                    9.50525
                ]
            },
            "properties": {
                "species": "Panthera onca",
                "eventDate": "2017-10-30",
                "locality": null
            }
        },
        {
            "type": "Feature",
            "geometry": {
                "type": "Point",
                "coordinates": [
                    -84.27461,
                    10.61117
                ]
            },
            "properties": {
                "species": "Panthera onca",
                "eventDate": "2017-10-27",
                "locality": null
            }
        },
        {
            "type": "Feature",
            "geometry": {
                "type": "Point",
                "coordinates": [
                    -83.339621,
                    8.657425
                ]
            },
            "properties": {
                "species": "Panthera onca",
                "eventDate": "2017-12-13T09:06:13",
                "locality": null
            }
        },
        {
            "type": "Feature",
            "geometry": {
                "type": "Point",
                "coordinates": [
                    -83.42066,
                    10.482056
                ]
            },
            "properties": {
                "species": "Panthera onca",
                "eventDate": "2016-01-29",
                "locality": null
            }
        },
        {
            "type": "Feature",
            "geometry": {
                "type": "Point",
                "coordinates": [
                    -84.36534,
                    10.81431
                ]
            },
            "properties": {
                "species": "Panthera onca",
                "eventDate": "2016-01-29",
                "locality": null
            }
        },
        {
            "type": "Feature",
            "geometry": {
                "type": "Point",
                "coordinates": [
                    -83.66053,
                    10.45104
                ]
            },
            "properties": {
                "species": "Panthera onca",
                "eventDate": "2016-01-16",
                "locality": null
            }
        },
        {
            "type": "Feature",
            "geometry": {
                "type": "Point",
                "coordinates": [
                    -83.675,
                    10.29737
                ]
            },
            "properties": {
                "species": "Panthera onca",
                "eventDate": "2016-01-13",
                "locality": null
            }
        },
        {
            "type": "Feature",
            "geometry": {
                "type": "Point",
                "coordinates": [
                    -85.03579,
                    10.84074
                ]
            },
            "properties": {
                "species": "Panthera onca",
                "eventDate": "2016-04-23",
                "locality": null
            }
        },
        {
            "type": "Feature",
            "geometry": {
                "type": "Point",
                "coordinates": [
                    -84.64974,
                    10.42463
                ]
            },
            "properties": {
                "species": "Panthera onca",
                "eventDate": "2016-06-14",
                "locality": null
            }
        },
        {
            "type": "Feature",
            "geometry": {
                "type": "Point",
                "coordinates": [
                    -83.3473,
                    10.16172
                ]
            },
            "properties": {
                "species": "Panthera onca",
                "eventDate": "2016-06-14",
                "locality": null
            }
        },
        {
            "type": "Feature",
            "geometry": {
                "type": "Point",
                "coordinates": [
                    -83.66291,
                    10.4305
                ]
            },
            "properties": {
                "species": "Panthera onca",
                "eventDate": "2016-06-30",
                "locality": null
            }
        },
        {
            "type": "Feature",
            "geometry": {
                "type": "Point",
                "coordinates": [
                    -83.63525,
                    10.4384
                ]
            },
            "properties": {
                "species": "Panthera onca",
                "eventDate": "2016-06-30",
                "locality": null
            }
        },
        {
            "type": "Feature",
            "geometry": {
                "type": "Point",
                "coordinates": [
                    -83.30255,
                    10.22531
                ]
            },
            "properties": {
                "species": "Panthera onca",
                "eventDate": "2016-07-07",
                "locality": null
            }
        },
        {
            "type": "Feature",
            "geometry": {
                "type": "Point",
                "coordinates": [
                    -83.51259,
                    10.32702
                ]
            },
            "properties": {
                "species": "Panthera onca",
                "eventDate": "2016-10-16",
                "locality": null
            }
        },
        {
            "type": "Feature",
            "geometry": {
                "type": "Point",
                "coordinates": [
                    -83.63084,
                    10.30873
                ]
            },
            "properties": {
                "species": "Panthera onca",
                "eventDate": "2016-11-17",
                "locality": null
            }
        },
        {
            "type": "Feature",
            "geometry": {
                "type": "Point",
                "coordinates": [
                    -83.60508,
                    10.313
                ]
            },
            "properties": {
                "species": "Panthera onca",
                "eventDate": "2016-12-30",
                "locality": null
            }
        },
        {
            "type": "Feature",
            "geometry": {
                "type": "Point",
                "coordinates": [
                    -83.46908,
                    9.89051
                ]
            },
            "properties": {
                "species": "Panthera onca",
                "eventDate": "2016-12-26",
                "locality": null
            }
        },
        {
            "type": "Feature",
            "geometry": {
                "type": "Point",
                "coordinates": [
                    -85.55866,
                    11.08705
                ]
            },
            "properties": {
                "species": "Panthera onca",
                "eventDate": "2015-01-21",
                "locality": null
            }
        },
        {
            "type": "Feature",
            "geometry": {
                "type": "Point",
                "coordinates": [
                    -84.94027,
                    10.79151
                ]
            },
            "properties": {
                "species": "Panthera onca",
                "eventDate": "2015-03-15",
                "locality": null
            }
        },
        {
            "type": "Feature",
            "geometry": {
                "type": "Point",
                "coordinates": [
                    -83.35724,
                    9.88591
                ]
            },
            "properties": {
                "species": "Panthera onca",
                "eventDate": "2015-04-26",
                "locality": null
            }
        },
        {
            "type": "Feature",
            "geometry": {
                "type": "Point",
                "coordinates": [
                    -85.54189,
                    11.01193
                ]
            },
            "properties": {
                "species": "Panthera onca",
                "eventDate": "2015-06-19",
                "locality": null
            }
        },
        {
            "type": "Feature",
            "geometry": {
                "type": "Point",
                "coordinates": [
                    -84.75783,
                    10.791
                ]
            },
            "properties": {
                "species": "Panthera onca",
                "eventDate": "2015-08-29",
                "locality": null
            }
        },
        {
            "type": "Feature",
            "geometry": {
                "type": "Point",
                "coordinates": [
                    -83.54239,
                    9.84961
                ]
            },
            "properties": {
                "species": "Panthera onca",
                "eventDate": "2015-08-30",
                "locality": null
            }
        },
        {
            "type": "Feature",
            "geometry": {
                "type": "Point",
                "coordinates": [
                    -83.488668,
                    8.839019
                ]
            },
            "properties": {
                "species": "Panthera onca",
                "eventDate": "2015-10-06T15:52",
                "locality": null
            }
        },
        {
            "type": "Feature",
            "geometry": {
                "type": "Point",
                "coordinates": [
                    -85.42323,
                    10.92259
                ]
            },
            "properties": {
                "species": "Panthera onca",
                "eventDate": "2015-10-26",
                "locality": null
            }
        },
        {
            "type": "Feature",
            "geometry": {
                "type": "Point",
                "coordinates": [
                    -83.69549,
                    10.19442
                ]
            },
            "properties": {
                "species": "Panthera onca",
                "eventDate": "2015-12-16",
                "locality": null
            }
        },
        {
            "type": "Feature",
            "geometry": {
                "type": "Point",
                "coordinates": [
                    -83.26087,
                    10.16511
                ]
            },
            "properties": {
                "species": "Panthera onca",
                "eventDate": "2014-01-30",
                "locality": null
            }
        },
        {
            "type": "Feature",
            "geometry": {
                "type": "Point",
                "coordinates": [
                    -83.45907,
                    10.523513
                ]
            },
            "properties": {
                "species": "Panthera onca",
                "eventDate": "2014-04-15T15:53",
                "locality": null
            }
        },
        {
            "type": "Feature",
            "geometry": {
                "type": "Point",
                "coordinates": [
                    -84.66379,
                    10.27889
                ]
            },
            "properties": {
                "species": "Panthera onca",
                "eventDate": "2014-05-30",
                "locality": null
            }
        },
        {
            "type": "Feature",
            "geometry": {
                "type": "Point",
                "coordinates": [
                    -83.52424,
                    10.5608
                ]
            },
            "properties": {
                "species": "Panthera onca",
                "eventDate": "2014-07-07",
                "locality": null
            }
        },
        {
            "type": "Feature",
            "geometry": {
                "type": "Point",
                "coordinates": [
                    -84.71842,
                    10.93214
                ]
            },
            "properties": {
                "species": "Panthera onca",
                "eventDate": "2014-08-24",
                "locality": null
            }
        },
        {
            "type": "Feature",
            "geometry": {
                "type": "Point",
                "coordinates": [
                    -83.51513,
                    10.30921
                ]
            },
            "properties": {
                "species": "Panthera onca",
                "eventDate": "2014-10-22",
                "locality": null
            }
        },
        {
            "type": "Feature",
            "geometry": {
                "type": "Point",
                "coordinates": [
                    -83.53364,
                    10.32857
                ]
            },
            "properties": {
                "species": "Panthera onca",
                "eventDate": "2014-11-17",
                "locality": null
            }
        },
        {
            "type": "Feature",
            "geometry": {
                "type": "Point",
                "coordinates": [
                    -85.57323,
                    10.85431
                ]
            },
            "properties": {
                "species": "Panthera onca",
                "eventDate": "2014-12-18",
                "locality": null
            }
        },
        {
            "type": "Feature",
            "geometry": {
                "type": "Point",
                "coordinates": [
                    -83.40461,
                    10.568895
                ]
            },
            "properties": {
                "species": "Panthera onca",
                "eventDate": "2013-04-05T09:33",
                "locality": null
            }
        },
        {
            "type": "Feature",
            "geometry": {
                "type": "Point",
                "coordinates": [
                    -83.81592,
                    10.48542
                ]
            },
            "properties": {
                "species": "Panthera onca",
                "eventDate": "2013-04-04",
                "locality": null
            }
        },
        {
            "type": "Feature",
            "geometry": {
                "type": "Point",
                "coordinates": [
                    -83.548784,
                    10.485827
                ]
            },
            "properties": {
                "species": "Panthera onca",
                "eventDate": "2013-05-03T11:47",
                "locality": null
            }
        },
        {
            "type": "Feature",
            "geometry": {
                "type": "Point",
                "coordinates": [
                    -83.378839,
                    10.231784
                ]
            },
            "properties": {
                "species": "Panthera onca",
                "eventDate": "2013-05-23T09:06",
                "locality": null
            }
        },
        {
            "type": "Feature",
            "geometry": {
                "type": "Point",
                "coordinates": [
                    -84.14154,
                    10.68948
                ]
            },
            "properties": {
                "species": "Panthera onca",
                "eventDate": "2013-06-13",
                "locality": null
            }
        },
        {
            "type": "Feature",
            "geometry": {
                "type": "Point",
                "coordinates": [
                    -83.477647,
                    10.461741
                ]
            },
            "properties": {
                "species": "Panthera onca",
                "eventDate": "2013-09-13",
                "locality": null
            }
        },
        {
            "type": "Feature",
            "geometry": {
                "type": "Point",
                "coordinates": [
                    -83.79122,
                    9.93404
                ]
            },
            "properties": {
                "species": "Panthera onca",
                "eventDate": "2013-09-09",
                "locality": null
            }
        },
        {
            "type": "Feature",
            "geometry": {
                "type": "Point",
                "coordinates": [
                    -83.7877,
                    9.9843
                ]
            },
            "properties": {
                "species": "Panthera onca",
                "eventDate": "2013-10-20",
                "locality": null
            }
        },
        {
            "type": "Feature",
            "geometry": {
                "type": "Point",
                "coordinates": [
                    -85.64662,
                    10.947836
                ]
            },
            "properties": {
                "species": "Panthera onca",
                "eventDate": "2013-12-28T07:44",
                "locality": null
            }
        },
        {
            "type": "Feature",
            "geometry": {
                "type": "Point",
                "coordinates": [
                    -83.62478,
                    10.29863
                ]
            },
            "properties": {
                "species": "Panthera onca",
                "eventDate": "2012-09-09",
                "locality": null
            }
        },
        {
            "type": "Feature",
            "geometry": {
                "type": "Point",
                "coordinates": [
                    -84.20299,
                    10.32721
                ]
            },
            "properties": {
                "species": "Panthera onca",
                "eventDate": "2012-10-31",
                "locality": null
            }
        },
        {
            "type": "Feature",
            "geometry": {
                "type": "Point",
                "coordinates": [
                    -83.98565,
                    10.35975
                ]
            },
            "properties": {
                "species": "Panthera onca",
                "eventDate": "2012-10-14",
                "locality": null
            }
        },
        {
            "type": "Feature",
            "geometry": {
                "type": "Point",
                "coordinates": [
                    -85.614037,
                    10.651345
                ]
            },
            "properties": {
                "species": "Panthera onca",
                "eventDate": "2012-12-26",
                "locality": null
            }
        },
        {
            "type": "Feature",
            "geometry": {
                "type": "Point",
                "coordinates": [
                    -85.798497,
                    10.865281
                ]
            },
            "properties": {
                "species": "Panthera onca",
                "eventDate": "2011-02-15T09:28Z",
                "locality": null
            }
        },
        {
            "type": "Feature",
            "geometry": {
                "type": "Point",
                "coordinates": [
                    -83.542163,
                    10.445335
                ]
            },
            "properties": {
                "species": "Panthera onca",
                "eventDate": "2011-06-22T17:02Z",
                "locality": null
            }
        },
        {
            "type": "Feature",
            "geometry": {
                "type": "Point",
                "coordinates": [
                    -84.26184,
                    10.73357
                ]
            },
            "properties": {
                "species": "Panthera onca",
                "eventDate": "2010-01-29",
                "locality": null
            }
        },
        {
            "type": "Feature",
            "geometry": {
                "type": "Point",
                "coordinates": [
                    -84.06469,
                    10.18001
                ]
            },
            "properties": {
                "species": "Panthera onca",
                "eventDate": "2010-06-20",
                "locality": null
            }
        },
        {
            "type": "Feature",
            "geometry": {
                "type": "Point",
                "coordinates": [
                    -84.16958,
                    10.70444
                ]
            },
            "properties": {
                "species": "Panthera onca",
                "eventDate": "2010-06-06",
                "locality": null
            }
        },
        {
            "type": "Feature",
            "geometry": {
                "type": "Point",
                "coordinates": [
                    -84.03086,
                    10.17331
                ]
            },
            "properties": {
                "species": "Panthera onca",
                "eventDate": "2010-07-20",
                "locality": null
            }
        },
        {
            "type": "Feature",
            "geometry": {
                "type": "Point",
                "coordinates": [
                    -84.23221,
                    10.76272
                ]
            },
            "properties": {
                "species": "Panthera onca",
                "eventDate": "2010-09-24",
                "locality": null
            }
        },
        {
            "type": "Feature",
            "geometry": {
                "type": "Point",
                "coordinates": [
                    -84.1818,
                    10.62485
                ]
            },
            "properties": {
                "species": "Panthera onca",
                "eventDate": "2010-11-15",
                "locality": null
            }
        },
        {
            "type": "Feature",
            "geometry": {
                "type": "Point",
                "coordinates": [
                    -84.52595,
                    10.3087
                ]
            },
            "properties": {
                "species": "Panthera onca",
                "eventDate": "2010-12-29",
                "locality": null
            }
        },
        {
            "type": "Feature",
            "geometry": {
                "type": "Point",
                "coordinates": [
                    -84.008126,
                    10.205651
                ]
            },
            "properties": {
                "species": "Panthera onca",
                "eventDate": "2009-03-16T15:06",
                "locality": null
            }
        },
        {
            "type": "Feature",
            "geometry": {
                "type": "Point",
                "coordinates": [
                    -83.563265,
                    10.424067
                ]
            },
            "properties": {
                "species": "Panthera onca",
                "eventDate": "2009-03-31T14:32",
                "locality": null
            }
        },
        {
            "type": "Feature",
            "geometry": {
                "type": "Point",
                "coordinates": [
                    -84.10002,
                    10.69242
                ]
            },
            "properties": {
                "species": "Panthera onca",
                "eventDate": "2009-04-30",
                "locality": null
            }
        },
        {
            "type": "Feature",
            "geometry": {
                "type": "Point",
                "coordinates": [
                    -83.91722,
                    10.3407
                ]
            },
            "properties": {
                "species": "Panthera onca",
                "eventDate": "2009-06-30",
                "locality": null
            }
        },
        {
            "type": "Feature",
            "geometry": {
                "type": "Point",
                "coordinates": [
                    -83.61411,
                    10.11994
                ]
            },
            "properties": {
                "species": "Panthera onca",
                "eventDate": "2009-08-21",
                "locality": null
            }
        },
        {
            "type": "Feature",
            "geometry": {
                "type": "Point",
                "coordinates": [
                    -83.50268,
                    10.18279
                ]
            },
            "properties": {
                "species": "Panthera onca",
                "eventDate": "2009-08-14",
                "locality": null
            }
        },
        {
            "type": "Feature",
            "geometry": {
                "type": "Point",
                "coordinates": [
                    -83.57857,
                    10.20012
                ]
            },
            "properties": {
                "species": "Panthera onca",
                "eventDate": "2009-09-20",
                "locality": null
            }
        },
        {
            "type": "Feature",
            "geometry": {
                "type": "Point",
                "coordinates": [
                    -83.57316,
                    10.12867
                ]
            },
            "properties": {
                "species": "Panthera onca",
                "eventDate": "2009-10-28",
                "locality": null
            }
        },
        {
            "type": "Feature",
            "geometry": {
                "type": "Point",
                "coordinates": [
                    -83.458064,
                    8.446631
                ]
            },
            "properties": {
                "species": "Panthera onca",
                "eventDate": "2009-11-08",
                "locality": null
            }
        },
        {
            "type": "Feature",
            "geometry": {
                "type": "Point",
                "coordinates": [
                    -84.2362,
                    10.68975
                ]
            },
            "properties": {
                "species": "Panthera onca",
                "eventDate": "2008-12-31",
                "locality": null
            }
        },
        {
            "type": "Feature",
            "geometry": {
                "type": "Point",
                "coordinates": [
                    -84.19855,
                    10.260415
                ]
            },
            "properties": {
                "species": "Panthera onca",
                "eventDate": "2007-04-09T10:18",
                "locality": null
            }
        },
        {
            "type": "Feature",
            "geometry": {
                "type": "Point",
                "coordinates": [
                    -85.623591,
                    10.70885
                ]
            },
            "properties": {
                "species": "Panthera onca",
                "eventDate": "2003-08-04",
                "locality": null
            }
        },
        {
            "type": "Feature",
            "geometry": {
                "type": "Point",
                "coordinates": [
                    -85.05,
                    10.96808
                ]
            },
            "properties": {
                "species": "Panthera onca",
                "eventDate": "1993-06-10",
                "locality": "DELICIAS DE UPALA, 2 KM N OF"
            }
        },
        {
            "type": "Feature",
            "geometry": {
                "type": "Point",
                "coordinates": [
                    -85.0146,
                    10.9197
                ]
            },
            "properties": {
                "species": "Panthera onca",
                "eventDate": "1993-06-10",
                "locality": "DELICIAS DE UPALA, 2 KM N OF"
            }
        },
        {
            "type": "Feature",
            "geometry": {
                "type": "Point",
                "coordinates": [
                    -83.454788,
                    8.424198
                ]
            },
            "properties": {
                "species": "Panthera onca",
                "eventDate": "1988-11-08T16:55",
                "locality": null
            }
        },
        {
            "type": "Feature",
            "geometry": {
                "type": "Point",
                "coordinates": [
                    -85.176346,
                    10.69997
                ]
            },
            "properties": {
                "species": "Panthera onca",
                "eventDate": null,
                "locality": "CG-AMP"
            }
        },
        {
            "type": "Feature",
            "geometry": {
                "type": "Point",
                "coordinates": [
                    -85.4147,
                    10.819316
                ]
            },
            "properties": {
                "species": "Panthera onca",
                "eventDate": null,
                "locality": "CG-BOR"
            }
        },
        {
            "type": "Feature",
            "geometry": {
                "type": "Point",
                "coordinates": [
                    -85.4147,
                    10.819316
                ]
            },
            "properties": {
                "species": "Panthera onca",
                "eventDate": null,
                "locality": "CG-BOR"
            }
        },
        {
            "type": "Feature",
            "geometry": {
                "type": "Point",
                "coordinates": [
                    -85.4147,
                    10.819316
                ]
            },
            "properties": {
                "species": "Panthera onca",
                "eventDate": null,
                "locality": "CG-BOR"
            }
        },
        {
            "type": "Feature",
            "geometry": {
                "type": "Point",
                "coordinates": [
                    -83.78705,
                    10.52146
                ]
            },
            "properties": {
                "species": "Panthera onca",
                "eventDate": null,
                "locality": null
            }
        },
        {
            "type": "Feature",
            "geometry": {
                "type": "Point",
                "coordinates": [
                    -83.62042,
                    10.50071
                ]
            },
            "properties": {
                "species": "Panthera onca",
                "eventDate": null,
                "locality": null
            }
        },
        {
            "type": "Feature",
            "geometry": {
                "type": "Point",
                "coordinates": [
                    -83.75208,
                    10.19089
                ]
            },
            "properties": {
                "species": "Panthera onca",
                "eventDate": null,
                "locality": null
            }
        },
        {
            "type": "Feature",
            "geometry": {
                "type": "Point",
                "coordinates": [
                    -83.61946,
                    10.32648
                ]
            },
            "properties": {
                "species": "Panthera onca",
                "eventDate": null,
                "locality": null
            }
        },
        {
            "type": "Feature",
            "geometry": {
                "type": "Point",
                "coordinates": [
                    -84.76112,
                    10.73936
                ]
            },
            "properties": {
                "species": "Panthera onca",
                "eventDate": null,
                "locality": null
            }
        },
        {
            "type": "Feature",
            "geometry": {
                "type": "Point",
                "coordinates": [
                    -83.49843,
                    10.3477
                ]
            },
            "properties": {
                "species": "Panthera onca",
                "eventDate": null,
                "locality": null
            }
        },
        {
            "type": "Feature",
            "geometry": {
                "type": "Point",
                "coordinates": [
                    -85.46513,
                    10.95572
                ]
            },
            "properties": {
                "species": "Panthera onca",
                "eventDate": null,
                "locality": null
            }
        },
        {
            "type": "Feature",
            "geometry": {
                "type": "Point",
                "coordinates": [
                    -83.45543,
                    10.32365
                ]
            },
            "properties": {
                "species": "Panthera onca",
                "eventDate": null,
                "locality": null
            }
        },
        {
            "type": "Feature",
            "geometry": {
                "type": "Point",
                "coordinates": [
                    -84.72783,
                    10.8774
                ]
            },
            "properties": {
                "species": "Panthera onca",
                "eventDate": null,
                "locality": null
            }
        },
        {
            "type": "Feature",
            "geometry": {
                "type": "Point",
                "coordinates": [
                    -84.85783,
                    10.75351
                ]
            },
            "properties": {
                "species": "Panthera onca",
                "eventDate": null,
                "locality": null
            }
        },
        {
            "type": "Feature",
            "geometry": {
                "type": "Point",
                "coordinates": [
                    -85.75107,
                    10.89031
                ]
            },
            "properties": {
                "species": "Panthera onca",
                "eventDate": null,
                "locality": null
            }
        },
        {
            "type": "Feature",
            "geometry": {
                "type": "Point",
                "coordinates": [
                    -85.6206,
                    11.07714
                ]
            },
            "properties": {
                "species": "Panthera onca",
                "eventDate": null,
                "locality": null
            }
        },
        {
            "type": "Feature",
            "geometry": {
                "type": "Point",
                "coordinates": [
                    -83.57848,
                    10.15546
                ]
            },
            "properties": {
                "species": "Panthera onca",
                "eventDate": null,
                "locality": null
            }
        },
        {
            "type": "Feature",
            "geometry": {
                "type": "Point",
                "coordinates": [
                    -84.49602,
                    9.63914
                ]
            },
            "properties": {
                "species": "Panthera onca",
                "eventDate": null,
                "locality": null
            }
        },
        {
            "type": "Feature",
            "geometry": {
                "type": "Point",
                "coordinates": [
                    -84.14767,
                    9.39871
                ]
            },
            "properties": {
                "species": "Panthera onca",
                "eventDate": null,
                "locality": null
            }
        },
        {
            "type": "Feature",
            "geometry": {
                "type": "Point",
                "coordinates": [
                    -83.33126,
                    9.86275
                ]
            },
            "properties": {
                "species": "Panthera onca",
                "eventDate": null,
                "locality": null
            }
        },
        {
            "type": "Feature",
            "geometry": {
                "type": "Point",
                "coordinates": [
                    -85.39887,
                    10.81907
                ]
            },
            "properties": {
                "species": "Panthera onca",
                "eventDate": null,
                "locality": null
            }
        },
        {
            "type": "Feature",
            "geometry": {
                "type": "Point",
                "coordinates": [
                    -84.40859,
                    10.09981
                ]
            },
            "properties": {
                "species": "Panthera onca",
                "eventDate": null,
                "locality": null
            }
        },
        {
            "type": "Feature",
            "geometry": {
                "type": "Point",
                "coordinates": [
                    -85.29952,
                    10.81588
                ]
            },
            "properties": {
                "species": "Panthera onca",
                "eventDate": null,
                "locality": null
            }
        },
        {
            "type": "Feature",
            "geometry": {
                "type": "Point",
                "coordinates": [
                    -83.65724,
                    10.38997
                ]
            },
            "properties": {
                "species": "Panthera onca",
                "eventDate": null,
                "locality": null
            }
        },
        {
            "type": "Feature",
            "geometry": {
                "type": "Point",
                "coordinates": [
                    -85.16616,
                    10.82925
                ]
            },
            "properties": {
                "species": "Panthera onca",
                "eventDate": null,
                "locality": null
            }
        },
        {
            "type": "Feature",
            "geometry": {
                "type": "Point",
                "coordinates": [
                    -83.53592,
                    10.37969
                ]
            },
            "properties": {
                "species": "Panthera onca",
                "eventDate": null,
                "locality": null
            }
        },
        {
            "type": "Feature",
            "geometry": {
                "type": "Point",
                "coordinates": [
                    -85.49487,
                    11.06975
                ]
            },
            "properties": {
                "species": "Panthera onca",
                "eventDate": null,
                "locality": null
            }
        },
        {
            "type": "Feature",
            "geometry": {
                "type": "Point",
                "coordinates": [
                    -84.23073,
                    10.78
                ]
            },
            "properties": {
                "species": "Panthera onca",
                "eventDate": null,
                "locality": null
            }
        },
        {
            "type": "Feature",
            "geometry": {
                "type": "Point",
                "coordinates": [
                    -83.44099,
                    10.16961
                ]
            },
            "properties": {
                "species": "Panthera onca",
                "eventDate": null,
                "locality": null
            }
        },
        {
            "type": "Feature",
            "geometry": {
                "type": "Point",
                "coordinates": [
                    -84.15878,
                    10.69347
                ]
            },
            "properties": {
                "species": "Panthera onca",
                "eventDate": null,
                "locality": null
            }
        },
        {
            "type": "Feature",
            "geometry": {
                "type": "Point",
                "coordinates": [
                    -84.76443,
                    10.89503
                ]
            },
            "properties": {
                "species": "Panthera onca",
                "eventDate": null,
                "locality": null
            }
        },
        {
            "type": "Feature",
            "geometry": {
                "type": "Point",
                "coordinates": [
                    -84.59763,
                    10.4248
                ]
            },
            "properties": {
                "species": "Panthera onca",
                "eventDate": null,
                "locality": null
            }
        },
        {
            "type": "Feature",
            "geometry": {
                "type": "Point",
                "coordinates": [
                    -82.78984,
                    9.70925
                ]
            },
            "properties": {
                "species": "Panthera onca",
                "eventDate": null,
                "locality": null
            }
        },
        {
            "type": "Feature",
            "geometry": {
                "type": "Point",
                "coordinates": [
                    -83.73034,
                    10.00787
                ]
            },
            "properties": {
                "species": "Panthera onca",
                "eventDate": null,
                "locality": null
            }
        },
        {
            "type": "Feature",
            "geometry": {
                "type": "Point",
                "coordinates": [
                    -83.54628,
                    10.37082
                ]
            },
            "properties": {
                "species": "Panthera onca",
                "eventDate": null,
                "locality": null
            }
        },
        {
            "type": "Feature",
            "geometry": {
                "type": "Point",
                "coordinates": [
                    -83.53986,
                    10.33648
                ]
            },
            "properties": {
                "species": "Panthera onca",
                "eventDate": null,
                "locality": null
            }
        },
        {
            "type": "Feature",
            "geometry": {
                "type": "Point",
                "coordinates": [
                    -85.69193,
                    10.9204
                ]
            },
            "properties": {
                "species": "Panthera onca",
                "eventDate": null,
                "locality": null
            }
        },
        {
            "type": "Feature",
            "geometry": {
                "type": "Point",
                "coordinates": [
                    -85.20615,
                    10.90757
                ]
            },
            "properties": {
                "species": "Panthera onca",
                "eventDate": null,
                "locality": null
            }
        },
        {
            "type": "Feature",
            "geometry": {
                "type": "Point",
                "coordinates": [
                    -85.22367,
                    11.04143
                ]
            },
            "properties": {
                "species": "Panthera onca",
                "eventDate": null,
                "locality": null
            }
        },
        {
            "type": "Feature",
            "geometry": {
                "type": "Point",
                "coordinates": [
                    -85.55339,
                    10.45523
                ]
            },
            "properties": {
                "species": "Panthera onca",
                "eventDate": null,
                "locality": null
            }
        },
        {
            "type": "Feature",
            "geometry": {
                "type": "Point",
                "coordinates": [
                    -84.49292,
                    10.08868
                ]
            },
            "properties": {
                "species": "Panthera onca",
                "eventDate": null,
                "locality": null
            }
        },
        {
            "type": "Feature",
            "geometry": {
                "type": "Point",
                "coordinates": [
                    -83.85113,
                    10.72797
                ]
            },
            "properties": {
                "species": "Panthera onca",
                "eventDate": null,
                "locality": null
            }
        },
        {
            "type": "Feature",
            "geometry": {
                "type": "Point",
                "coordinates": [
                    -85.74681,
                    10.93448
                ]
            },
            "properties": {
                "species": "Panthera onca",
                "eventDate": null,
                "locality": null
            }
        },
        {
            "type": "Feature",
            "geometry": {
                "type": "Point",
                "coordinates": [
                    -84.7622,
                    10.80433
                ]
            },
            "properties": {
                "species": "Panthera onca",
                "eventDate": null,
                "locality": null
            }
        },
        {
            "type": "Feature",
            "geometry": {
                "type": "Point",
                "coordinates": [
                    -84.73286,
                    10.78095
                ]
            },
            "properties": {
                "species": "Panthera onca",
                "eventDate": null,
                "locality": null
            }
        },
        {
            "type": "Feature",
            "geometry": {
                "type": "Point",
                "coordinates": [
                    -83.53008,
                    10.39684
                ]
            },
            "properties": {
                "species": "Panthera onca",
                "eventDate": null,
                "locality": null
            }
        },
        {
            "type": "Feature",
            "geometry": {
                "type": "Point",
                "coordinates": [
                    -85.44493,
                    10.96065
                ]
            },
            "properties": {
                "species": "Panthera onca",
                "eventDate": null,
                "locality": null
            }
        },
        {
            "type": "Feature",
            "geometry": {
                "type": "Point",
                "coordinates": [
                    -84.66855,
                    11.00783
                ]
            },
            "properties": {
                "species": "Panthera onca",
                "eventDate": null,
                "locality": null
            }
        },
        {
            "type": "Feature",
            "geometry": {
                "type": "Point",
                "coordinates": [
                    -83.81608,
                    9.48045
                ]
            },
            "properties": {
                "species": "Panthera onca",
                "eventDate": null,
                "locality": null
            }
        },
        {
            "type": "Feature",
            "geometry": {
                "type": "Point",
                "coordinates": [
                    -83.97713,
                    10.62095
                ]
            },
            "properties": {
                "species": "Panthera onca",
                "eventDate": null,
                "locality": null
            }
        },
        {
            "type": "Feature",
            "geometry": {
                "type": "Point",
                "coordinates": [
                    -83.60281,
                    9.84228
                ]
            },
            "properties": {
                "species": "Panthera onca",
                "eventDate": null,
                "locality": null
            }
        },
        {
            "type": "Feature",
            "geometry": {
                "type": "Point",
                "coordinates": [
                    -84.72658,
                    10.89595
                ]
            },
            "properties": {
                "species": "Panthera onca",
                "eventDate": null,
                "locality": null
            }
        },
        {
            "type": "Feature",
            "geometry": {
                "type": "Point",
                "coordinates": [
                    -85.21072,
                    10.71721
                ]
            },
            "properties": {
                "species": "Panthera onca",
                "eventDate": null,
                "locality": null
            }
        },
        {
            "type": "Feature",
            "geometry": {
                "type": "Point",
                "coordinates": [
                    -85.05234,
                    10.76711
                ]
            },
            "properties": {
                "species": "Panthera onca",
                "eventDate": null,
                "locality": null
            }
        },
        {
            "type": "Feature",
            "geometry": {
                "type": "Point",
                "coordinates": [
                    -85.44323,
                    10.74074
                ]
            },
            "properties": {
                "species": "Panthera onca",
                "eventDate": null,
                "locality": null
            }
        },
        {
            "type": "Feature",
            "geometry": {
                "type": "Point",
                "coordinates": [
                    -83.01318,
                    9.77179
                ]
            },
            "properties": {
                "species": "Panthera onca",
                "eventDate": null,
                "locality": null
            }
        },
        {
            "type": "Feature",
            "geometry": {
                "type": "Point",
                "coordinates": [
                    -84.03005,
                    10.35058
                ]
            },
            "properties": {
                "species": "Panthera onca",
                "eventDate": null,
                "locality": null
            }
        },
        {
            "type": "Feature",
            "geometry": {
                "type": "Point",
                "coordinates": [
                    -84.00966,
                    10.26589
                ]
            },
            "properties": {
                "species": "Panthera onca",
                "eventDate": null,
                "locality": null
            }
        },
        {
            "type": "Feature",
            "geometry": {
                "type": "Point",
                "coordinates": [
                    -84.25507,
                    10.70377
                ]
            },
            "properties": {
                "species": "Panthera onca",
                "eventDate": null,
                "locality": null
            }
        },
        {
            "type": "Feature",
            "geometry": {
                "type": "Point",
                "coordinates": [
                    -83.36276,
                    10.23983
                ]
            },
            "properties": {
                "species": "Panthera onca",
                "eventDate": null,
                "locality": null
            }
        },
        {
            "type": "Feature",
            "geometry": {
                "type": "Point",
                "coordinates": [
                    -84.12443,
                    10.66726
                ]
            },
            "properties": {
                "species": "Panthera onca",
                "eventDate": null,
                "locality": null
            }
        }
    ]
}